{
  "_generated": "Generated by SweetTooth, do not edit",
  "description": "Dock for GNOME 40+. Does use native GNOME Shell Dash. Very light extension.\n\n Hover the bottom of your screen and GNOME Shell dash will appear without overview. Native GNOME Shell click behavior is modified: minimize if one window is open, overview if many windows are open.\n\n Please report bugs through GitHub.",
  "name": "Dock from Dash",
  "shell-version": [
    "40",
    "41",
    "42"
  ],
  "url": "https://github.com/fthx/dock-from-dash",
  "uuid": "dock-from-dash@fthx",
  "version": 17
}